<object-stream>
  <list>
    <models.EducationApp>
      <developer>
        <developerName>Lego</developerName>
        <developerWebsite>www.lego.com</developerWebsite>
      </developer>
      <appName>WeDo</appName>
      <appSize>1.0</appSize>
      <appVersion>1.0</appVersion>
      <appCost>0.0</appCost>
      <ratings/>
      <level>1</level>
    </models.EducationApp>
    <models.ProductivityApp>
      <developer>
        <developerName>Microsoft</developerName>
        <developerWebsite>www.microsoft.com</developerWebsite>
      </developer>
      <appName>Outlook</appName>
      <appSize>1000.0</appSize>
      <appVersion>2.0</appVersion>
      <appCost>1.99</appCost>
      <ratings/>
    </models.ProductivityApp>
    <models.GameApp>
      <developer>
        <developerName>EA Games</developerName>
        <developerWebsite>www.eagames.com</developerWebsite>
      </developer>
      <appName>Empires</appName>
      <appSize>0.0</appSize>
      <appVersion>3.5</appVersion>
      <appCost>2.99</appCost>
      <ratings/>
      <isMultiplayer>false</isMultiplayer>
    </models.GameApp>
    <models.ProductivityApp>
      <developer>
        <developerName>Apple</developerName>
        <developerWebsite>www.apple.com</developerWebsite>
      </developer>
      <appName>NoteKeeper</appName>
      <appSize>1.0</appSize>
      <appVersion>1.0</appVersion>
      <appCost>0.0</appCost>
      <ratings/>
    </models.ProductivityApp>
    <models.EducationApp>
      <developer reference="../../models.EducationApp/developer"/>
      <appName>EV3</appName>
      <appSize>0.0</appSize>
      <appVersion>3.5</appVersion>
      <appCost>2.99</appCost>
      <ratings/>
      <level>0</level>
    </models.EducationApp>
    <models.ProductivityApp>
      <developer reference="../../models.ProductivityApp/developer"/>
      <appName></appName>
      <appSize>0.0</appSize>
      <appVersion>1.0</appVersion>
      <appCost>0.0</appCost>
      <ratings/>
    </models.ProductivityApp>
    <models.GameApp>
      <developer>
        <developerName>Kool Games</developerName>
        <developerWebsite>www.koolgames.com</developerWebsite>
      </developer>
      <appName>CookOff</appName>
      <appSize>1000.0</appSize>
      <appVersion>2.0</appVersion>
      <appCost>1.99</appCost>
      <ratings/>
      <isMultiplayer>true</isMultiplayer>
    </models.GameApp>
  </list>
</object-stream>